[
    {
      "name": "For Organisers",
      "path": "/all-organizations",
      "active": false
    },
    {
      "name": "Mail",
      "path": "/",
      "active": false
    },
    {
      "name": "Notifications",
      "path": "/notifications",
      "active": false
    },
    {
      "name": "Following",
      "path": "/",
      "active": false
    },
    {
      "name": "Checkout",
      "path": "/checkout",
      "active": false
    },
    {
      "name": "New Event",
      "path": "/create-event",
      "active": false
    }
  ]