[
    {"id": 1, "name": "banana"},
    {"id": 2, "name": "apple"},
    {"id": 3, "name": "mango"},
    {"id": 4, "name": "grap"},
    {"id": 5, "name": "chikoo"},
    {"id": 6, "name": "pineapple"},
    {"id": 7, "name": "evakado"},
    {"id": 8, "name": "strawbarry"},
    {"id": 9, "name": "watermalon"},
    {"id": 10, "name": "raspbarry"},
    {"id": 11, "name": "bluebarry"},
    {"id": 12, "name": "cherry"},
    {"id": 13, "name": "date"},
    {"id": 14, "name": "dragon fruit"}
]