[
  {
    "month_name": "January",
    "data": [
      {
        "_id": 3663,
        "text": "",
        "videourl": "https://testing.youchampapp.com/upload/aws/files/redirect/6jmDMO.1610373156693.camera.mp4",
        "image": "",
        "type": "video",
        "name": "",
        "contactNumber": "",
        "lat": "",
        "long": "",
        "docurl": "",
        "reply": {},
        "forward": {},
        "performed_by": {},
        "added_users": [],
        "removed_users": {},
        "messageForwarded": 0,
        "messageDeleted": 0,
        "messageFavorited": 0,
        "createdAt": 1610373705,
        "timeUpdated": 1610373705,
        "user": {
          "_id": 95,
          "name": "Dishali",
          "avatar": "https://testing.youchampapp.com/upload/aws/files/redirect/z5v69j.1604048816541.camera.jpg"
        },
        "SplitGroupName": "Batman",
        "link": [],
        "origional_name": "",
        "size": ""
      },
      {
        "_id": 3591,
        "text": "",
        "videourl": "",
        "image": "https://testing.youchampapp.com/upload/aws/files/redirect/0BWTGI.1609857341431.camera.jpg",
        "type": "image",
        "name": "",
        "contactNumber": "",
        "lat": "",
        "long": "",
        "docurl": "",
        "reply": {},
        "forward": {},
        "performed_by": {},
        "added_users": [],
        "removed_users": {},
        "messageForwarded": 0,
        "messageDeleted": 0,
        "messageFavorited": 0,
        "createdAt": 1609857346,
        "timeUpdated": 1609857346,
        "user": {
          "_id": 96,
          "name": "_krupali sdd",
          "avatar": "https://testing.youchampapp.com/upload/aws/files/redirect/E7AzkU.1604139944662.camera.jpg"
        },
        "SplitGroupName": "Batman",
        "link": [],
        "origional_name": "",
        "size": ""
      },
      {
        "_id": 3586,
        "text": "",
        "videourl": "",
        "image": "https://testing.youchampapp.com/upload/aws/files/redirect/SFT96t.1609756667217.camera.jpg",
        "type": "image",
        "name": "",
        "contactNumber": "",
        "lat": "",
        "long": "",
        "docurl": "",
        "reply": {},
        "forward": {},
        "performed_by": {},
        "added_users": [],
        "removed_users": {},
        "messageForwarded": 0,
        "messageDeleted": 0,
        "messageFavorited": 0,
        "createdAt": 1609756681,
        "timeUpdated": 1609756681,
        "user": {
          "_id": 68,
          "name": "krupali_4",
          "avatar": "https://testing.youchampapp.com/upload/aws/files/redirect/EZ05T7.1601962076347.camera.jpg"
        },
        "SplitGroupName": "Batman",
        "link": [],
        "origional_name": "",
        "size": ""
      }
    ]
  },
  {
    "month_name": "December",
    "data": [
      {
        "_id": 3372,
        "text": "",
        "videourl": "",
        "image": "https://testing.youchampapp.com/upload/aws/files/redirect/avQ41u.1608815993561.camera.png",
        "type": "image",
        "name": "",
        "contactNumber": "",
        "lat": "",
        "long": "",
        "docurl": "",
        "reply": {},
        "forward": {},
        "performed_by": {},
        "added_users": [],
        "removed_users": {},
        "messageForwarded": 0,
        "messageDeleted": 0,
        "messageFavorited": 0,
        "createdAt": 1608815998,
        "timeUpdated": 1608815998,
        "user": {
          "_id": 95,
          "name": "Dishali",
          "avatar": "https://testing.youchampapp.com/upload/aws/files/redirect/z5v69j.1604048816541.camera.jpg"
        },
        "SplitGroupName": "Batman",
        "link": [],
        "origional_name": "",
        "size": ""
      },
      {
        "_id": 2853,
        "text": "",
        "videourl": "https://testing.youchampapp.com/upload/aws/files/redirect/jQGrfe_1608205732040.mov",
        "image": "",
        "type": "video",
        "name": "",
        "contactNumber": "",
        "lat": "",
        "long": "",
        "docurl": "",
        "reply": {},
        "forward": {},
        "performed_by": {},
        "added_users": [],
        "removed_users": {},
        "messageForwarded": 0,
        "messageDeleted": 0,
        "messageFavorited": 0,
        "createdAt": 1608205743,
        "timeUpdated": 1608205743,
        "user": {
          "_id": 97,
          "name": "Dishali Parekh",
          "avatar": "https://s3-ap-southeast-2.amazonaws.com/youchampdev/placeholders/user.png"
        },
        "SplitGroupName": "Batman",
        "link": [],
        "origional_name": "",
        "size": ""
      }
    ]
  }
]