{
    "success": true,
    "Categories": [
        {
            "CategoryID": 1,
            "SubCategoryID": 48,
            "Category": "Transport & Auto",
            "SubCategoryName": "Bus & train & ferry"
        },
        {
            "CategoryID": 1,
            "SubCategoryID": 49,
            "Category": "Transport & Auto",
            "SubCategoryName": "Petrol"
        },
        {
            "CategoryID": 1,
            "SubCategoryID": 50,
            "Category": "Transport & Auto",
            "SubCategoryName": "Road tolls & parking"
        },
        {
            "CategoryID": 1,
            "SubCategoryID": 51,
            "Category": "Transport & Auto",
            "SubCategoryName": "Rego & licence"
        },
        {
            "CategoryID": 1,
            "SubCategoryID": 52,
            "Category": "Transport & Auto",
            "SubCategoryName": "Repairs & maintenance"
        },
        {
            "CategoryID": 1,
            "SubCategoryID": 53,
            "Category": "Transport & Auto",
            "SubCategoryName": "Fines"
        },
        {
            "CategoryID": 1,
            "SubCategoryID": 54,
            "Category": "Transport & Auto",
            "SubCategoryName": "Airfares"
        },
        {
            "CategoryID": 1,
            "SubCategoryID": 55,
            "Category": "Transport & Auto",
            "SubCategoryName": "Other"
        },
        {
            "CategoryID": 2,
            "SubCategoryID": 21,
            "Category": "Personal & Medical",
            "SubCategoryName": "Cosmetics & toiletries"
        },
        {
            "CategoryID": 2,
            "SubCategoryID": 22,
            "Category": "Personal & Medical",
            "SubCategoryName": "Hair & beauty"
        },
        {
            "CategoryID": 2,
            "SubCategoryID": 23,
            "Category": "Personal & Medical",
            "SubCategoryName": "Medicines & pharmacy"
        },
        {
            "CategoryID": 2,
            "SubCategoryID": 24,
            "Category": "Personal & Medical",
            "SubCategoryName": "Glasses & eye care"
        },
        {
            "CategoryID": 2,
            "SubCategoryID": 25,
            "Category": "Personal & Medical",
            "SubCategoryName": "Dental"
        },
        {
            "CategoryID": 2,
            "SubCategoryID": 26,
            "Category": "Personal & Medical",
            "SubCategoryName": "Doctors & medical"
        },
        {
            "CategoryID": 2,
            "SubCategoryID": 27,
            "Category": "Personal & Medical",
            "SubCategoryName": "Hobbies"
        },
        {
            "CategoryID": 2,
            "SubCategoryID": 28,
            "Category": "Personal & Medical",
            "SubCategoryName": "Clothing & shoes"
        },
        {
            "CategoryID": 2,
            "SubCategoryID": 29,
            "Category": "Personal & Medical",
            "SubCategoryName": "Jewellery & accessories"
        },
        {
            "CategoryID": 2,
            "SubCategoryID": 30,
            "Category": "Personal & Medical",
            "SubCategoryName": "Computers & gadgets"
        },
        {
            "CategoryID": 2,
            "SubCategoryID": 31,
            "Category": "Personal & Medical",
            "SubCategoryName": "Sports & gym"
        },
        {
            "CategoryID": 2,
            "SubCategoryID": 34,
            "Category": "Personal & Medical",
            "SubCategoryName": "Other"
        },
        {
            "CategoryID": 3,
            "SubCategoryID": 67,
            "Category": "Insurance & Financial",
            "SubCategoryName": "Car insurance"
        },
        {
            "CategoryID": 3,
            "SubCategoryID": 68,
            "Category": "Insurance & Financial",
            "SubCategoryName": "Home & contents insurance"
        },
        {
            "CategoryID": 3,
            "SubCategoryID": 69,
            "Category": "Insurance & Financial",
            "SubCategoryName": "Personal & life insurance"
        },
        {
            "CategoryID": 3,
            "SubCategoryID": 70,
            "Category": "Insurance & Financial",
            "SubCategoryName": "Health insurance"
        },
        {
            "CategoryID": 3,
            "SubCategoryID": 71,
            "Category": "Insurance & Financial",
            "SubCategoryName": "Car loan"
        },
        {
            "CategoryID": 3,
            "SubCategoryID": 72,
            "Category": "Insurance & Financial",
            "SubCategoryName": "Credit card interest"
        },
        {
            "CategoryID": 3,
            "SubCategoryID": 73,
            "Category": "Insurance & Financial",
            "SubCategoryName": "Other loans"
        },
        {
            "CategoryID": 3,
            "SubCategoryID": 74,
            "Category": "Insurance & Financial",
            "SubCategoryName": "Paying off debt"
        },
        {
            "CategoryID": 3,
            "SubCategoryID": 75,
            "Category": "Insurance & Financial",
            "SubCategoryName": "Savings"
        },
        {
            "CategoryID": 3,
            "SubCategoryID": 76,
            "Category": "Insurance & Financial",
            "SubCategoryName": "Investments & super contributions"
        },
        {
            "CategoryID": 3,
            "SubCategoryID": 77,
            "Category": "Insurance & Financial",
            "SubCategoryName": "Charity donations"
        },
        {
            "CategoryID": 3,
            "SubCategoryID": 78,
            "Category": "Insurance & Financial",
            "SubCategoryName": "Other"
        },
        {
            "CategoryID": 4,
            "SubCategoryID": 1,
            "Category": "Home & Utilities",
            "SubCategoryName": "Mortgage & rent"
        },
        {
            "CategoryID": 4,
            "SubCategoryID": 2,
            "Category": "Home & Utilities",
            "SubCategoryName": "Body corporate fees"
        },
        {
            "CategoryID": 4,
            "SubCategoryID": 3,
            "Category": "Home & Utilities",
            "SubCategoryName": "Council rates"
        },
        {
            "CategoryID": 4,
            "SubCategoryID": 4,
            "Category": "Home & Utilities",
            "SubCategoryName": "Furniture & appliances"
        },
        {
            "CategoryID": 4,
            "SubCategoryID": 5,
            "Category": "Home & Utilities",
            "SubCategoryName": "Renovations & maintenance"
        },
        {
            "CategoryID": 4,
            "SubCategoryID": 6,
            "Category": "Home & Utilities",
            "SubCategoryName": "Electricity"
        },
        {
            "CategoryID": 4,
            "SubCategoryID": 7,
            "Category": "Home & Utilities",
            "SubCategoryName": "Gas"
        },
        {
            "CategoryID": 4,
            "SubCategoryID": 8,
            "Category": "Home & Utilities",
            "SubCategoryName": "Water"
        },
        {
            "CategoryID": 4,
            "SubCategoryID": 9,
            "Category": "Home & Utilities",
            "SubCategoryName": "Internet"
        },
        {
            "CategoryID": 4,
            "SubCategoryID": 10,
            "Category": "Home & Utilities",
            "SubCategoryName": "Pay TV"
        },
        {
            "CategoryID": 4,
            "SubCategoryID": 11,
            "Category": "Home & Utilities",
            "SubCategoryName": "Home phone"
        },
        {
            "CategoryID": 4,
            "SubCategoryID": 12,
            "Category": "Home & Utilities",
            "SubCategoryName": "Mobile"
        },
        {
            "CategoryID": 4,
            "SubCategoryID": 13,
            "Category": "Home & Utilities",
            "SubCategoryName": "Other"
        },
        {
            "CategoryID": 5,
            "SubCategoryID": 14,
            "Category": "Groceries",
            "SubCategoryName": "Supermarket"
        },
        {
            "CategoryID": 5,
            "SubCategoryID": 15,
            "Category": "Groceries",
            "SubCategoryName": "Butcher"
        },
        {
            "CategoryID": 5,
            "SubCategoryID": 16,
            "Category": "Groceries",
            "SubCategoryName": "Fruit & veg market"
        },
        {
            "CategoryID": 5,
            "SubCategoryID": 17,
            "Category": "Groceries",
            "SubCategoryName": "Fish shop"
        },
        {
            "CategoryID": 5,
            "SubCategoryID": 18,
            "Category": "Groceries",
            "SubCategoryName": "Deli & bakery"
        },
        {
            "CategoryID": 5,
            "SubCategoryID": 19,
            "Category": "Groceries",
            "SubCategoryName": "Pet food"
        },
        {
            "CategoryID": 5,
            "SubCategoryID": 20,
            "Category": "Groceries",
            "SubCategoryName": "Other"
        },
        {
            "CategoryID": 6,
            "SubCategoryID": 35,
            "Category": "Entertainment & Eat-out",
            "SubCategoryName": "Coffee & tea"
        },
        {
            "CategoryID": 6,
            "SubCategoryID": 36,
            "Category": "Entertainment & Eat-out",
            "SubCategoryName": "Lunches - bought"
        },
        {
            "CategoryID": 6,
            "SubCategoryID": 37,
            "Category": "Entertainment & Eat-out",
            "SubCategoryName": "Take-away & snacks"
        },
        {
            "CategoryID": 6,
            "SubCategoryID": 38,
            "Category": "Entertainment & Eat-out",
            "SubCategoryName": "Cigarettes"
        },
        {
            "CategoryID": 6,
            "SubCategoryID": 39,
            "Category": "Entertainment & Eat-out",
            "SubCategoryName": "Drinks & alcohol"
        },
        {
            "CategoryID": 6,
            "SubCategoryID": 40,
            "Category": "Entertainment & Eat-out",
            "SubCategoryName": "Bars & clubs"
        },
        {
            "CategoryID": 6,
            "SubCategoryID": 41,
            "Category": "Entertainment & Eat-out",
            "SubCategoryName": "Restaurants"
        },
        {
            "CategoryID": 6,
            "SubCategoryID": 42,
            "Category": "Entertainment & Eat-out",
            "SubCategoryName": "Books"
        },
        {
            "CategoryID": 6,
            "SubCategoryID": 43,
            "Category": "Entertainment & Eat-out",
            "SubCategoryName": "Newspaper & magazines"
        },
        {
            "CategoryID": 6,
            "SubCategoryID": 44,
            "Category": "Entertainment & Eat-out",
            "SubCategoryName": "Movies & music"
        },
        {
            "CategoryID": 6,
            "SubCategoryID": 45,
            "Category": "Entertainment & Eat-out",
            "SubCategoryName": "Holidays"
        },
        {
            "CategoryID": 6,
            "SubCategoryID": 46,
            "Category": "Entertainment & Eat-out",
            "SubCategoryName": "Celebrations & gifts"
        },
        {
            "CategoryID": 6,
            "SubCategoryID": 47,
            "Category": "Entertainment & Eat-out",
            "SubCategoryName": "Other"
        },
        {
            "CategoryID": 7,
            "SubCategoryID": 56,
            "Category": "Children",
            "SubCategoryName": "Baby products"
        },
        {
            "CategoryID": 7,
            "SubCategoryID": 57,
            "Category": "Children",
            "SubCategoryName": "Toys"
        },
        {
            "CategoryID": 7,
            "SubCategoryID": 58,
            "Category": "Children",
            "SubCategoryName": "Babysitting"
        },
        {
            "CategoryID": 7,
            "SubCategoryID": 59,
            "Category": "Children",
            "SubCategoryName": "Childcare"
        },
        {
            "CategoryID": 7,
            "SubCategoryID": 60,
            "Category": "Children",
            "SubCategoryName": "Sports & activities"
        },
        {
            "CategoryID": 7,
            "SubCategoryID": 61,
            "Category": "Children",
            "SubCategoryName": "School fees"
        },
        {
            "CategoryID": 7,
            "SubCategoryID": 62,
            "Category": "Children",
            "SubCategoryName": "Excursions"
        },
        {
            "CategoryID": 7,
            "SubCategoryID": 63,
            "Category": "Children",
            "SubCategoryName": "School uniforms"
        },
        {
            "CategoryID": 7,
            "SubCategoryID": 64,
            "Category": "Children",
            "SubCategoryName": "Other school needs"
        },
        {
            "CategoryID": 7,
            "SubCategoryID": 65,
            "Category": "Children",
            "SubCategoryName": "Child support payment"
        },
        {
            "CategoryID": 7,
            "SubCategoryID": 66,
            "Category": "Children",
            "SubCategoryName": "Other"
        }
    ]
}